TOPIC,WORD,MEANING,SENTENCE,
1. Angry,Enrage,make violently angry., She was Enraged at his stupidity.,
1. Angry,Fume,feel or express great anger.," She sat in the car, silently Fuming at the traffic jam.",
1. Angry,Glower,have an angry and sullen look on face., The entire ninth grade turned to Glower at us.,
1. Angry,Incense,make or get angry.," Incensed, Mr. John demanded on national television that Ms. Rihana be given a year prison sentence.",
1. Angry,Infuriate,make someone angry., Her silence Infuriated him even more.,
1. Angry,Irate,very angry., The employee wrote an Irate letter to the editor.,
1. Angry,Ire,anger.," If you routinely steal your neighbors newspaper, dont be surprised to be on the receiving end of his Ire.",
1. Angry,Livid,angry., Dad will be Livid when he finds this out.,
1. Angry,Rabid,very angry., The fans became Rabid when their team lost the match.,
1. Angry,Seethe,very angry.," He marched off, seething with frustration.",
1. Angry,Smolder,feel angry., He was Smoldering with rage when he learned that his orders were not followed.,
1. Angry,Wrath,great anger., Some reporters hardly draw the Wrath of critical bloggers.,
2. Avoid /doge,Avert,turn away or prevent., He did his best to Avert suspicion.,
2. Avoid /doge,Circumvent,avoid., They found a way of Circumventing the law.,
2. Avoid /doge,Deflect,divert the course of something., All attempts to Deflect attention from his private life have failed.,
2. Avoid /doge,Elude,to escape or avoid in a cunning manner., The two men managed to Elude the police for six weeks.,
2. Avoid /doge,Evade,"when you evade something, you escape it."," For two weeks, they Evaded the press.",
2. Avoid /doge,Parry,avoid a question or blow., He parried the question asked by the journalist.,
2. Avoid /doge,Shirk,avoid duty or responsibility., Discipline in the company was strict and no one Shirked his/her duties.,
2. Avoid /doge,Shunt,move to a less important place or position., John was Shunted sideways to a job in sales.,
2. Avoid /doge,Skirt,"avoid fulfilling, answering, or performing (duties, questions, or issues).", She Skirted the problem.,
2. Avoid /doge,Swerve,"changing directions suddenly, possibly to avoid a collision.", The bus suddenly Swerved into his path.,
2. Avoid /doge,X Headlong,"done rashly, or really quickly.", The government is taking care not to rush headlong into another controversy.,
3. Awkward / unskilled,Feckless,ineffective or incapable., She had become Feckless because of illness.,
3. Awkward / unskilled,Fumble,do awkwardly or carelessly., He Fumbled with the buttons on his shirt.,
3. Awkward / unskilled,Gauche,awkward and unsophisticated., Their exquisite manners always make me feel Gauche.,
3. Awkward / unskilled,Inept,unskillful., She was left feeling Inept and inadequate.,
3. Awkward / unskilled,Maladroit,awkward and unskillful., Both parties are unhappy about the Maladroit handling of the whole affair.,
3. Awkward / unskilled,Ungainly,awkward.," He was a tall, Ungainly boy of eighteen.",
4. Waste time,Dally,move slowly or waste time.," During our free time in college, we used to Dally around the corridor.",
4. Waste time,Dawdle,be slow or waste time., Stop dawdling! We're going to be late! Dilatory=causing delay.,
4. Waste time,"Example: The government has been Dilatory in dealing with the problem of, unemployment."""," Don't dilly-dally on the way home from school.
Laggard=someone who is always lagging behind.
Example: Laggards are the ones still using fax machines instead of email.
Linger=stay in a place for a longer time than required.
Example: We Lingered around the hotel for a while after the party.
Malinger=fake illness in order to avoid duty or work.
Example: The boss knew that he was Malingering because he w Example: Don't dilly-dally on the way home from school.",,
4. Waste time,Laggard,someone who is always lagging behind., Laggards are the ones still using fax machines instead of email.,
4. Waste time,Linger,stay in a place for a longer time than required., We Lingered around the hotel for a while after the party.,
4. Waste time,Malinger,fake illness in order to avoid duty or work., The boss knew that he was Malingering because he wanted to see the world cup final.,
5. Beginning,Onset,the beginning of something., Diagnostic errors are even more common in early Onset of Alzheimer's disease.,
5. Beginning,Outset,the beginning of something., I made it clear right from the Outset that I disapproved the plan.,
5. Beginning,X Egress,the act of leaving a place., Use the doorways intended for egress only.,
6. Burn/Hot /x cold,Tepid,slightly warm., The mushrooms develop more flavor if you use the slower method of soaking them in tepid water for six hours or overnight.,
6. Burn/Hot /x cold,Conflagration,a large and destructive fire., The conflgaration destroyed property worth millions.,
6. Burn/Hot /x cold,Scald,injure with hot liquid., Be careful not to Scald yourself with the steam.,
6. Burn/Hot /x cold,Scathe,"injure or harm, especially by fire.", Her sensitive skin got Scathed because of excessive heat.,
6. Burn/Hot /x cold,Scorch,burn the surface of something., I Scorched my dress when I was ironing it.,
6. Burn/Hot /x cold,Sear,burn the surface by heat., The heat of the sun Seared their faces.,
6. Burn/Hot /x cold,Singe,burn superficially or lightly., He Singed his hair as he tried to light his cigarette.,
6. Burn/Hot /x cold,Swelter,be very hot., Passengers Sweltered in temperatures of over 45 degrees.,
6. Burn/Hot /x cold,Torrid,very hot., We watched him shoot for the movie on a Torrid afternoon.,
6. Burn/Hot /x cold,X Frigid,very cold., Frigid climate spoiled their entire journey.,
6. Burn/Hot /x cold,X Glacial,very cold., The glacial wind whipped her skin blue.,
7. Displaying Knowledge,Cerebral,intellectual, The content of philosophical works is Cerebral in nature and requires much thought.,
7. Displaying Knowledge,Didactic,"try to teach, esp morals. This word is often used negatively for when someone is acting too much like a teacher.", The poets works became increasingly idactic after his religious conversion.,
7. Displaying Knowledge,Erudite,showing great knowledge., She could turn any conversation into an Erudite discussion.,
7. Displaying Knowledge,Pedantic,very concerned with minor details of academic learning., A Pedantic insistence on the correct way of doing things.,
7. Displaying Knowledge,Pundit,a learned person or expert., Political Pundits in the United States predicted a historic win for Barack Obama in the 2008 US Elections.,
8. Flexible / Skilful,Adept,skillful., He became Adept at getting even the shyest students to talk.,
8. Flexible / Skilful,Adroit,"skillful, esp with using hands.", I want to become an Adroit guitarist.,
8. Flexible / Skilful,Agile,moving quickly and easily., He had the agility of a man half his age.,
8. Flexible / Skilful,Consummate,very skillful., She was a Consummate performer.,
8. Flexible / Skilful,Deft,done neatly and skilfully., He finished off the painting with a few Deft strokes of the brush.,
8. Flexible / Skilful,Dexterous,skilled at using hands., Paul Fraier was quietly Dexterous on bass guitar.,
8. Flexible / Skilful,Limber,flexible., His muscles are Limber that is why he is into gymnastics.,
8. Flexible / Skilful,Lithe,flexible., The dancer has a Lithe body.,
8. Flexible / Skilful,Nimble,able to move quickly and easily., You need Nimble fingers for that job.,
8. Flexible / Skilful,Proficient,efficient.," With practice, you should become Proficient within six months.",
8. Flexible / Skilful,Prowess,exceptional skill or ability., He was complimented on his Prowess as an oarsman.,
8. Flexible / Skilful,Supple,"bending, moving easily.", These exercises will help to keep you Supple.,
9. Having twist and turns,Byzantine,highly complex or intricate., This is an organiation of Byzantine complexity.,
9. Having twist and turns,Circuitous,longer or roundabout (path)., He took us on a Circuitous route to the hotel.,
9. Having twist and turns,Convoluted,complex and difficult to understand., She could not follow his Convoluted discourse.,
9. Having twist and turns,Intertwine,twisted together., Their political careers had become closely Intertwined.,
9. Having twist and turns,Meander,follow a winding course, The stream Meanders slowly down to the river.,
9. Having twist and turns,Sinuous,having curves and turns.," His works are generally flat and decorative, with strong Sinuous lines.",
9. Having twist and turns,Tortuous,having twists and turns., A Tortuous road up the mountain.,
10.Horrifying/ shocking/ x Attraction,Appalling,shocking., The brutality of the crime appalled the public.,
10.Horrifying/ shocking/ x Attraction,Egregious,extremely unpleasant or bad., There are several prime ministers in the past who have committed far more Egregious offenses.,
10.Horrifying/ shocking/ x Attraction,Ghastly,causing horror., She woke up in the middle of a Ghastly nightmare.,
10.Horrifying/ shocking/ x Attraction,Grisly,causing horror., The jurors saw Grisly photos of the crime scene.,
10.Horrifying/ shocking/ x Attraction,Gross,vulgar or disgusting., These Gross remarks will not be tolerated.,
10.Horrifying/ shocking/ x Attraction,Grotesque,ugly or repulsive.," All countries should mandate large, Grotesque pictorial warnings on cigarette packets.",
10.Horrifying/ shocking/ x Attraction,Gruesome,causing horror, We spent a week in a Gruesome apartment in Miami.,
10.Horrifying/ shocking/ x Attraction,Heinous,wicked or evil., There were Heinous accusations made against them for involving in child labour and assault.,
10.Horrifying/ shocking/ x Attraction,Hideous,very ugly or repulsive., Their new color scheme is Hideous! Horrendous=horrible.,
10.Horrifying/ shocking/ x Attraction,"Example: The police officer said the attack was the most Horrendous he had ever seen., Macabre=horrifying because of involvement with death",injury,"etc.""", The scene of crime was a Macabre sight.
10.Horrifying/ shocking/ x Attraction,Monstrous,very ugly or horrifying., He is considering launching new courses in New York and sees Latin America as a potentially Monstrous market.,
10.Horrifying/ shocking/ x Attraction,Morbid,"showing interest in unpleasant and disturbing subjects (death, disease, etc).", He had a Morbid fascination with blood.,
10.Horrifying/ shocking/ x Attraction,Unsightly,ugly., The accident site was unslightly.,
10.Horrifying/ shocking/ x Attraction,Vile,extremely unpleasant., The weather was really Vile most of the time.,
10.Horrifying/ shocking/ x Attraction,X Aesthetic,pleasing appearance or artistic beauty., The beautiful sculpture was a mirror image of the carver's aesthetic values.,
10.Horrifying/ shocking/ x Attraction,X Comely,attractive or beautiful.," The General's lady is a comely, affable woman.",
11.Inclination,Affinity,natural liking., Sam was born in the country INDIA and had a deep Affinity with nature.,
11.Inclination,Bent,an inclination., She has a religious Bent of mind.,
11.Inclination,Disposed,naturally inclined towards., I'm not Disposed to arguing.,
11.Inclination,Inclined,having a tendency or liking towards., He did not show the slightest inclination to leave.,
11.Inclination,Penchant,a strong preference or tendency., He quit his job as the CEO of a leading company to satisfy his Penchant for teaching.,
11.Inclination,Predilection,a preference for or bias toward something., An artist with a Predilection for bright colors.,
11.Inclination,Predisposition,a tendency to do something., Some people may have a genetic Predisposition to some type of cancers.,
11.Inclination,Proclivity,a natural tendency to like something., The governments Proclivity for spending tax payers money carelessly is well known.,
11.Inclination,Propensity,a natural tendency to behave in a certain way., He showed a Propensity for violence.,
12.Prediction,Augur,be a sign of something (good or bad)., Conflicts among the various groups do not Augur well for the future of the peace talks.,
12.Prediction,Forecast,prediction., The Forecast said that there would be showers in the afternoon.,
12.Prediction,Foresight,good planning or thought for the future., She had the Foresight to prepare herself financially in case of an accident.,
12.Prediction,Fortell,predict., The witch foretold that she would marry a prince.,
12.Prediction,Presage,be a sign of something., The clouds below the moon Presaged rain.,
12.Prediction,Prescient,having knowledge of events beforehand., She was Prescient - she sold her shares just before the market crashed.,
12.Prediction,Prognosis,prediction of the outcome of a situation., The Prognosis is for more people to work part-time in the future.,
13.Separated/ x Connected,Disjointed,disconnected., The novel suffers from a Disjointed plot and insignificant characters.,
13.Separated/ x Connected,Polarize,divide in 2 opposite groups., Public opinion has Polarized on this issue.,
13.Separated/ x Connected,Segregate,separate, Whites and blacks were Segregated into different parts of town.,
13.Separated/ x Connected,Winnow,separate valuable things from the unwanted., She stood there Winnowing chaff all day in the field.,
13.Separated/ x Connected,X Nexus,connection, The nexus between industry and political power is undeniable.,
14.Sign (Warning),Forebode,be a sign of something bad., The atmosphere seemed to Forebode some unusual occurrence.,
14.Sign (Warning),Foreshadow,predict something that is to come., His sudden death had been oresadoed by earlier health scares.,
14.Sign (Warning),Minatory,threatening., There was a silence which was more Minatory than the accusation.,
14.Sign (Warning),Ominous,threatening., There were Ominous dark clouds gathering overhead.,
14.Sign (Warning),Portend,be a sign of something bad., There are many kinds of calms that do not ortend coming storms.,
14.Sign (Warning),Portent,a sign of something bad., The event proved to be a ortent of the disaster that was to come.,
14.Sign (Warning),Premonition,a strong feeling that something unpleasant might happen., He had a remonition that he would never see her again.,
14.Sign (Warning),Sinister,threatening., There was something cold and inisterabout him.,
15.Take Apart,Disassemble,to take apart., We had to completely Disassemble the engine to find the problem.,
15.Take Apart,Dismantle,break things to parts., I had to Dismantle the engine in order to repair it.,
16.Talk Foolishly,Babble,talk continuously and foolishly., I cant listen to his constant Babble.,
16.Talk Foolishly,Drawl,speak slowly and lazily., He had a smooth Drawling voice.,
16.Talk Foolishly,Drivel,senseless talk., How can you watch that Drivel on TV.,
16.Talk Foolishly,Gibberish,meaningless speech or writing., You were talking Gibberish in your sleep.,
16.Talk Foolishly,abber,talk foolishly., What is he abbering about now.,
16.Talk Foolishly,Nonsensical,senseless., If you ask a Nonsensical uestion and you will get a Nonsensical answer.,
16.Talk Foolishly,Prate,talk at length in a foolish way., They Prated on until I was ready to scream.,
16.Talk Foolishly,Prattle,talk continuously and foolishly., She Prattled on about her vacation all evening.,
17.Teacher/ Guide/ x Student,Mentor,a teacher or guide., She was a friend and Mentor to many young actors.,
17.Teacher/ Guide/ x Student,Pedagogue,a strict teacher., He was a Pedagogue who really believed that he could make a difference in young lives.,
17.Teacher/ Guide/ x Student,X Protege,a student, She is a protg of the great violinist Yehudi Menuhin.,
18.Unexpected Changes,Vagaries,an unexpected and unpredictable change., The Vagaries of the real estate market will determine whether the property is a gold mine or a disaster.,
18.Unexpected Changes,Vicissitudes,changes or ups and downs in a persons life., The Vicissitudes of family life.,
19.Very talented (Child),Precocious,having developed abilities ahead of one's age.," From an early age, she displayed a Precocious talent for music.",
19.Very talented (Child),Prodigy,a verytalented child, She is a chess Prodigy.,
20.Bitter Feeling / Ill-will,Malevolence,wishing bad or evil for others., Bad leadership is not always the result of bad character or intentional Malevolence.,
20.Bitter Feeling / Ill-will,Malice,a desire to harm others., The ghosts are described as if they bear actual Malice towards humans.,
20.Bitter Feeling / Ill-will,Rancor,bitterness or anger.," In the end, the debate created Rancor among the committee members.",
20.Bitter Feeling / Ill-will,Vicious,"having a bad, evil or immoral nature Mnemonic: In hindi vish means poison, here Vicious means evil.", She is a Vicious oman.,
20.Bitter Feeling / Ill-will,Virulent,very bitter or malacious, The newspaper carried out a Virulent attack on the politician.,
21.Bring Back,Retrieve,"bring back from loss, etc."," The system has crashed, but fortunately he can Retrieve the information.",
21.Bring Back,Salvage,save from ruin.," If you ant to Salvage your credibility, you might start ith practicing hat you preach.",
22.Cautions /Careful,Chary,very careful about doing or saying anything.," The advice that the Chary minister gave the king, helped the king win over the enemies.",
22.Cautions /Careful,Circumspect,very cautious and careful, He was very Circumspect in his financial affairs.,
22.Cautions /Careful,Gingerly,cautious and careful., He opened the box Gingerly and looked inside.,
22.Cautions /Careful,Heedful,aware of or attentive towards.," Heedful of snakes, we watched out footing while walking through the grass.",
22.Cautions /Careful,Leery,cautious or suspicious., The government is Leery of changing the current law.,
22.Cautions /Careful,Prudent,careful and keeping in mind the future., It might be more Prudent to get a second opinion before going ahead.,
22.Cautions /Careful,Wary,cautious., The police will need to keep a Wary eye on this area of the town.,
22.Cautions /Careful,X Daredevil,a person who enjoys doing dangerous or risky things., He liked taking risks and had a legendary reputation as a daredevil.,
22.Cautions /Careful,X Folly,foolishness or mistake. Mnemonic: Fools commit folly., Giving up a secure job seems to be the height of folly.,
22.Cautions /Careful,X Foolhardy,foolishly rash., It would be foolhardy to sail in weather like this.,
22.Cautions /Careful,X Rash,done quickly and without good judgement., Rash drivers will be penalized.,
22.Cautions /Careful,X Reckless,done carelessly and without good, He showed a reckless disregard for his own safetythought for future 23.Complain (lo degree),
22.Cautions /Careful,Captious,always trying to find faults., Her mother as very Captious.,
22.Cautions /Careful,Carping,complain and find fault continually., Critics from both sides are already Carping about this issue.,
22.Cautions /Careful,Grouse,complain., She's been grousing to her boss about the boring conditions.,
22.Cautions /Careful,uerulous,having a tendency to complain., The manager sent constant uerulous reminders of things to be done.,
24.Express Strong Disapprobation,Assail,criticise severely., The actor was Assailed for his performance in the movie.,
24.Express Strong Disapprobation,Belittle,dismiss someone or something as unimportant., She felt her husband constantly Belittled her achievements.,
24.Express Strong Disapprobation,Berate,strongly scold or criticize., She Berated her daughter for being careless.,
24.Express Strong Disapprobation,Castigate,criticize severely., The teacher Castigated the students for not doing home work.,
24.Express Strong Disapprobation,Decry,criticize., Violence on TV is generally decried as harmful to children.,
24.Express Strong Disapprobation,Denounce,criticize openly or publicly., She publicly Denounced the governments handling of the crisis.,
24.Express Strong Disapprobation,Diatribe,a bitter attack or criticism., He launched a bitter Diatribe against the younger generation.,
24.Express Strong Disapprobation,Epithet,abusive or criticizing word.," While quarreling, he uttered quite a few Epithets.",
24.Express Strong Disapprobation,Excoriate,criticize severely., The candidates have publicly Excoriated each other throughout the campaign.,
24.Express Strong Disapprobation,Flay,criticize severely., He Flayed his friend for his lack of tact.,
24.Express Strong Disapprobation,Fulminate,protest strongly., He was always fulminating against interference from the government.,
24.Express Strong Disapprobation,Invective,strong criticism., Debate should be dignified and lacking in personal Invective.,
24.Express Strong Disapprobation,Lambaste,criticize harshly., The coach Lambasted the team for its poor play.,
24.Express Strong Disapprobation,Rail,complain or protest strongly., Rebels Railed against the ill effects of Christianity.,
24.Express Strong Disapprobation,Rant,speak or shout in an angry manner.," He may Rant, rave and lecture, but he will have to adjust.",
24.Express Strong Disapprobation,Rate,scold angrily., I was Rated for having misbehaved in the class.,
24.Express Strong Disapprobation,Revile,criticize angrily., He was Reviled in the press for his angry outbursts.,
24.Express Strong Disapprobation,Rile,to irritate., Nothing ever seemed to Rile him.,
24.Express Strong Disapprobation,Tirade,a long angry speech of criticism., She launched a Tirade against politicians.,
24.Express Strong Disapprobation,Upbraid,scold someone., His wife Upbraided him for his irresponsible handling of the family finances.,
24.Express Strong Disapprobation,Vituperative,bitter and abusive., He delivers Vituperative attacks on those who try to expose him.,
25.Danger,Jeopardy,danger., The future of the school is in Jeopardy.,
25.Danger,Pitfall,a hidden source of trouble or danger., Getting professional advice will help you avoid the most obvious Pitfalls.,
25.Danger,Precarious,dangerous or uncertain., The museum is in a financially Precarious position.,
26.Escape,Abscond (criminal),leave quickly and secretly., Several prisoners absconded from the jail.,
26.Escape,Defection (Political),conscious abandonment of allegiance or duty., Defection of both security forces and members of the media is a worrying sign.,
26.Escape,Desertion (Military),the abandonment of duties and obligations without justification., The soldiers were imprisoned for desertion of their posts.,
26.Escape,Elope (for Marriage),run away secretly in order to get married., The couple eloped in the middle of the nig 27.Explain too much,
26.Escape,Belabor,explain continuously and in detail.," I don't want to Belabor the point, but it's vital that you understand how important this is.",
26.Escape,X Understatement,the act of representing in a less important way., The journalist wrote that the earthquake had caused some damage. This turned out to be a massive understatement of the destruction.,
28.Hate,Abhor ,hate., She Abhors cats.,
28.Hate,Animosity,strong hate., He felt no Animosity towards his critics.,
28.Hate,Antipathy,hatred or dislike., His professional judgement was coloured by his personal Antipathy.,
28.Hate,Aversion,strong dislike., He has a strong Aversion for liars and cheaters.,
28.Hate,Despicable,deserving hate., People who take advantage of others in this way are Despicable.,
28.Hate,Detest, hate strongly., They Detested each other on sight.,
28.Hate,Loathe,hate strongly.," The irony is that development restrictions, which many locals still Loathe, help to pull in tourists.",
28.Hate,Odious,unpleasant and hateful., It was one of the most Odious crimes of recent history.,
28.Hate,Repel,causing hate or disgust., The sight of the crime Repelled the public.,
28.Hate,Repugnant,hateful or disgusting., We found his suggestion absolutely Repugnant.,
28.Hate,Repulsion,a disgusting feeling., His simultaneous fascination with and Repulsion towards her family had been awakened.,
29.Mock/ Disrespect,Abase,to lower in rank and prestige., I certainly don't Abase myself when I do manual labor.,
29.Mock/ Disrespect,Condescend,to behave toward someone as though you are more important and more intelligent than they are.," While giving a talk, be careful not to Condescend to your audience.",
29.Mock/ Disrespect,Contempt,the feeling that someone or something is worthless., He feels that wealthy people view him with Contempt because he is poor.,
29.Mock/ Disrespect,Denigrate,criticize someone unfairly., We are not trying to Denigrate vocational education.,
29.Mock/ Disrespect,Deride,express contempt and ridicule.," My brothers Derided our efforts, but were forced to apologize when we came first.",
29.Mock/ Disrespect,Disdain,the feeling that someone or something is worthless., I have a Disdain for companies that mistreat their workers.,
29.Mock/ Disrespect,Disparage,to speak about someone in disrespectful manner., Voters don't like political advertisements in which opponents Disparage one another.,
29.Mock/ Disrespect,Jeer,make rude mocking or insulting remarks., The prisoner was Jeered by an angry mob.,
29.Mock/ Disrespect,Lampoon,publicly criticize by using sarcasm or ridicule, The politician was Lampooned by the press.,
29.Mock/ Disrespect,Mock,tease or laugh at someone in a disrespectful manner., He Mocks art only because he doesn't understand it.,
29.Mock/ Disrespect,Patronize,to treat with an apparent kindness which shows a feeling of supiriority., He hated being Patronized by those who didn't believe his story.,
29.Mock/ Disrespect,Sarcastic,using humor to insult or make fun., I hate her Sarcastic comments that my singing reminded her of the time her dog was sick.,
29.Mock/ Disrespect,Sardonic,mocking, The movie is a Sardonic look at modern life.,
29.Mock/ Disrespect,Satire,"the use of humor, irony to criticize people's stupidity.", His movies are known for their use of Satire.,
29.Mock/ Disrespect,Scoff,to speak about someone or something in a mocking tone.," Art historians and religious scholars, however, Scoff at the idea.",
29.Mock/ Disrespect,Scorn,to treat someone with disrespect., Her political rivals have Scorned her ideas for improving the tax system.,
29.Mock/ Disrespect,Sneer,smile or speak in a mocking manner., The crowd Sneered at the corrupt cricketer.,
29.Mock/ Disrespect,Snicker,give a half- suppressed laugh to mock someone., He Snickered at the puzzled look on her face.,
29.Mock/ Disrespect,Snide,mocking or insulting., It was meant as Snide remark rather than constructive criticism.,
29.Mock/ Disrespect,Spurn,reject with contempt.," Fiercely independent, the elderly couple Spurned all offers of financial help.",
29.Mock/ Disrespect,Taunt,provoke or challenge with insulting remarks., They Taunted the newly arrived immigrants about their broken English.,
30.Old Fashioned,Antediluvian,very old fashioned., He has Antediluvian notions about the role of women at the workplace.,
30.Old Fashioned,Antiquated,old fashioned., I saw an Antiquated rope-machine at the textiles museums.,
30.Old Fashioned,Archaic,very old fashioned., The system is Archaic and unfair.,
30.Old Fashioned,Dated,old fashioned., Those TV comedies were OK in their day but seem incredibly Dated now.,
30.Old Fashioned,Obsolete,old fashioned.," With technological changes, many traditional skills have become Obsolete.",
30.Old Fashioned,Outmoded,old fashioned., This organizational structure is now Outmoded.,
30.Old Fashioned,Quaint,slightly strange and old fashioned., This is a Quaint seaside village.,
31.Praise,Acclaim,praise publicly., The work was Acclaimed as a masterpiece.,
31.Praise,Accolade,an award or praise., Meryl Streep has received many Accolades for her performances.,
31.Praise,Applaud,praise highly., He started to Applaud and the others joined in.,
31.Praise,Approbation,praise or approval., There was widespread Approbation of the new president.,
31.Praise,Commendable,deserving Praise., She showed Commendable loyalty to the family firm.,
31.Praise,Eulogy,a speech or writing that praises someone., Several eulogies were given at the special assembly marking the retirement of the company's longtime president.,
31.Praise,Exalt,raise someone or something to a higher rank or position., His son was Exalted to a high position in the government through family connections.,
31.Praise,Extol,praise highly., Doctors often Extol the virtues of eating less fat.,
31.Praise,Glorify,honor or praise highly., He denies that the movie glorifies violence.,
31.Praise,Hail,praise enthusiastically., The conference was Hailed as a great success.,
31.Praise,Laud,praise highly, He was Lauded for his courage.,
31.Praise,Lionize,give a lot of public appreciation and attention., The visiting poet was Lionized in Vienna.,
31.Praise,Plaudit,praise, His work won him Plaudits from the critics.,
32.Rebellious/ unconventional,Dissident,going against an official policy or authority., There were Dissident elements within the Catholic Church.,
32.Rebellious/ unconventional,Heresy,opinions that are contrary to what is accepted or expected., Laws of Heresy killed people for contradicting the church and its texts.,
32.Rebellious/ unconventional,Heretical,holding opinions that are contrary to what is accepted or expected., The religious people didn't cast vote in favor of the politician because of his Heretical behaviour.,
32.Rebellious/ unconventional,Heterodox,unorthodox., Her Heterodox approach to teaching science initially met with some resistance from her peers.,
32.Rebellious/ unconventional,Iconoclast,a person who attacks cherished beliefs and institutions.," Notorious as an Iconoclast, that critic isn't afraid to go against the societal rules.",
32.Rebellious/ unconventional,Insurgent,a rebellious person., There was an attack by armed Insurgents.,
32.Rebellious/ unconventional,Insurrection,an act of rebellion., An armed Insurrection against the regime.,
32.Rebellious/ unconventional,Maverick,a person who does not accept orthodox beliefs., The Maverick detective managed to crack the case.,
32.Rebellious/ unconventional,Non comformist,one who refuses to be restricted by set beliefs and customs., He was a nonconformist when he was in college.,
32.Rebellious/ unconventional,Radical,moving away or departing from the usual customs., There is a need for Radical changes in education.,
32.Rebellious/ unconventional,Reactionary,opposing social or political change., Reactionary guardians of proper English usage invariably regard every new coinage that comes along as a nonword.,
32.Rebellious/ unconventional,Renegade,"a person who leaves and betrays an organization, country or principle.", He is a Renegade priest.,
32.Rebellious/ unconventional,Revolutionary,bringing a complete change., The effects of technological development are Revolutionary.,
32.Rebellious/ unconventional,Subversive,harming or weakening an established institution., It was a politically Subversive decision.,
32.Rebellious/ unconventional,Unconventional,not following conventions., The magazine describes him as an Unconventional artist.,
32.Rebellious/ unconventional,X Conservative,following traditions and customs., Her style of dressing was never conservative.,
32.Rebellious/ unconventional,X Convention,following traditions and customs., She is a young woman who enjoys going against conventions.,
32.Rebellious/ unconventional,X Orthodox,following traditions and customs., He is very orthodox in his views.,
33.Reduce,DEPLETE,reduce or use up something., Food supplies were severely DEPLETEd.,
33.Reduce,DEPRECIATE,become less valuable over a period of time., New cars start to DEPRECIATE as soon as they are on the road.,
33.Reduce,X AMASS,"to collect something, especially in large quantities.", They amassed a truckload of donations.,
33.Reduce,X STOCKPILE,a large amount of things stored., Coal reserves represent the largest stockpile of nonrenewable resources in the world.,
34.Time Related,Anachronism,a thing that belongs to a period other than which it actually exists in., The monarchy is seen by many people as an Anachronism in the modern world.,
34.Time Related,Chronicle,record events according to order of occurance., She started to Chronicle her experiences on her blog.,
34.Time Related,Chronological,according to date and time., The facts should be presented in Chronological order.,
35.To defeat / x Cannot Defeat,Capitulate,agree to or give in to something., They were finally forced to capitulate to the terrorists demands.,
35.To defeat / x Cannot Defeat,Drub,defeat thoroughly., The host team was Drubbed in the rugby match.,
35.To defeat / x Cannot Defeat,Rout,defeat thoroughly., Only the skill of the goalkeeper preented the team from getting Routed.,
35.To defeat / x Cannot Defeat,Subugate,to bring under complete control;conquer., Terror was used purposefully to Subugate the entire population.,
35.To defeat / x Cannot Defeat,Vanuish,defeat thoroughly., They enemy was Vanuished in the battle.,
35.To defeat / x Cannot Defeat,X Imperious,can not be attacked influenced or defeated., The place contained eerything that was needed to support life underground and was irtually imperious to enemy infiltration.,
35.To defeat / x Cannot Defeat,X indomitable,can not be defeated., An indomitable warrior.,
35.To defeat / x Cannot Defeat,X Inincible,can not be defeated, The team seemed invincible 36.Troubled,
35.To defeat / x Cannot Defeat,Beleaguered,put in a difficulty., The lack of funds beleaguers a lot of schools in the area.,
35.To defeat / x Cannot Defeat,Beset,trouble continuously., Pollution is the greatest problem Besetting the city today.,
35.To defeat / x Cannot Defeat,Plagued,troubled persistently., The team was Plagued by a lot of mismanagement issues.,
37.Warning/ Scolding,Admonish,to warm someone., The trial judge tried to Admonish the jury and cure the error.,
37.Warning/ Scolding,Censure,criticism., The country faces international Censure for its alleged involvement in the assassination.,
37.Warning/ Scolding,Chastise,criticize severely., Do not use the record to insult or Chastise the patient.,
37.Warning/ Scolding,Chide,to scold someone., She Chided herself for being so impatient with the children.,
37.Warning/ Scolding,Rebuke,to criticize severely., The company was publicly Rebuked for neglecting the procedures.,
37.Warning/ Scolding,Reprimand,to disapprove severely., The officers were severely Reprimanded for their unprofessional behavior.,
37.Warning/ Scolding,Reproach,to express disapproval or criticize., Critics Reproach the eighteenth century because of its artificiality.,
37.Warning/ Scolding,Reprove,to disapprove of something or someone., He Reproved her for taking a rash decision.,
38.Add /support,Complement,to add to someting or improvement., The excellent menu is Complemented by a good wine list.,
38.Add /support,Supplement,a thing that is added to someting else to improve or complete it., students can supplement their reports with maps.,
39.Aggressive/ argument,Bellicose,ready to fight and argue., Bellicose hockey players who always seem to spend more time fighting than playing.,
39.Aggressive/ argument,Belligerent,unfriendly and aggressive., The coach became quite Belligerent and spit at an umpire after being thrown out of the game.,
39.Aggressive/ argument,Contentious,controversial.," After a Contentious debate, members of the committee finally voted to approve the funding.",
39.Aggressive/ argument,Disputatious,argumentative or causing a dispute.," We have a community of smart, thoughtful, and often Disputatious people.",
39.Aggressive/ argument,Fractious,bad tempered., The Fractious crowd grew violent.,
39.Aggressive/ argument,Hostility,unfriendly and aggressive., They went through the divorce proceedings without any Hostility.,
39.Aggressive/ argument,Litigous,too ready to take disagreements to court., Do not put anything in an email that may come back to haunt you in today's litigious society.,
39.Aggressive/ argument,Polemical,argumentative or controversial., An unnecessarily Polemical look at the supposed incompatibility between science and religion.,
39.Aggressive/ argument,Pugnacious,having a desire to fight and argue., There's one Pugnacious member on the committee who won't agree to anything.,
39.Aggressive/ argument,Truculent,ready to argue or fight., Die-hard fans became Truculent and violent after their team's loss.,
40.Agreement /harmony,CHASM,a deep divide or difference.,The chasm between the initial vision and the final product is shocking.,
40.Agreement /harmony,GULF,a large difference.,Gulf between wealthy countries and poor countries.,
40.Agreement /harmony,RIFT,"a difference in opinion,belief or friendly relation.",Efforts to heal the rift between the two countries have failed.,
40.Agreement /harmony,SCHISM,a division or difference.,There is a schism between leading members of the party.,
40.Agreement /harmony,Accord,agreement.,The two sides signed a peace accord last july.,
40.Agreement /harmony,Concord,agreement.,Living in Concord with people of different races and religions.,
40.Agreement /harmony,Conformity,agreement.,The corporate culture demands a certain Conformity of appearance.,
40.Agreement /harmony,Congruous,in agreement or consistent with.,When performing his soicial duties the president must be dressed in clothes that are Congruous with his high position.,
40.Agreement /harmony,Consonance,agreement,At present the living room lacks Consonance because all the furniture is on one side.,
40.Agreement /harmony,Harmonious,in agreement or consistent with.,The living room was decorated in harmonious colors.,
40.Agreement /harmony,X Discord,disagreement,The city has long been known as a city of racial intolerance and discord 41.Argue /fight,
40.Agreement /harmony,Altercation,a noisy argument or fight., There was some sort of Altercation going on around the accident site.,
40.Agreement /harmony,Bicker,to argue about unimportant things.," After prolonged Bickering, they finally managed to find a movie that both of them were interested in seeing.",
40.Agreement /harmony,Brawl,a noisy argument or fight., There was a Brawl in parliament when the pact was debated.,
40.Agreement /harmony,Combat,a fight., Some of these soldiers have never seen a Combat.,
40.Agreement /harmony,Contend,struggle in opposition or fight., The troops had to Contend with the enemy for control of the port.,
40.Agreement /harmony,Fracas,a noisy argument or fight., Police are prepared for any Fracas that might follow the soccer game.,
40.Agreement /harmony,Melee,a confused fight., A verbal disagreement at the football game soon turned into a Melee involving a lot of spectators.,
40.Agreement /harmony,Quibble,complain and argue about small matters., He spent the entire evening quibbling about the historical inaccuracies in the television series on World War II,
40.Agreement /harmony,Row,a quarell., He was engaged in a Row with his classmates.,
40.Agreement /harmony,Squabble,argue noisily about unimportant things.," Frightened by noise of the Squabble, the kid hid under the couch.",
40.Agreement /harmony,Tiff,a quarrel about unimportant things.," Like any couple, they occasionally engage in a Tiff.",
40.Agreement /harmony,Tussle,a short fight., The suspect was arrested after a Tussle with a security guard.,
40.Agreement /harmony,X Truce,an agreement between enemies to stop fighting for a period of time., A truce was reached between the 2 warring countries.,
42.Biased / Calm,Aplomb,done confidently and calmly., He showed great Aplomb in dealing with the reporters.,
42.Biased / Calm,Composure,calm and in control of your feelings," After the initial shock, she regained her Composure.",
42.Biased / Calm,Equanimity,a calm state of mind., He is an Olympic diver who always displays remarkable Equanimity on the platform.,
42.Biased / Calm,Impassive,calm and unemotional., She remained Impassive as the officers informed her of her son's death.,
42.Biased / Calm,Imperturbable,calm and undisturbed.," Although he seems outwardly Imperturbable, he can get very angry at times.",
42.Biased / Calm,Nonchalant,unconcerned and unemotional., She faced the crowd with the Nonchalant ease of an experienced speaker.,
42.Biased / Calm,Phlegmatic,not easily made angry or upset., He was almost Phlegmatic in conversation.,
42.Biased / Calm,Placid,calm and peaceful., He is a person with a Placid manner.,
42.Biased / Calm,Serene,calm and peaceful.," She is a Serene woman, who is everyone's source of support.",
42.Biased / Calm,Staid,"calm, dignified and unadventurous.", Everyone was surprised by the joke from the usually Staid professor.,
42.Biased / Calm,Stolid,unemotional., She remained Stolid during the trial.,
42.Biased / Calm,Tranquil,calm and peaceful., The house was once again Tranquil after the kids movedoutside to play.,
43.Distributed / agitated,X Agitate,make anxious or disturbed.," If I talk about the problem with him, it just agitates him even more.",
43.Distributed / agitated,X Consternation,anxiety and distress.," Much to her parents' consternation, she decided to not go to college.",
43.Distributed / agitated,X Disconcert,disturb., News of his criminal past has disconcerted even his admirers.,
43.Distributed / agitated,X Dismay,sad and disappointed., The difficult climb up the mountain dismayed us even before we got started.,
43.Distributed / agitated,X Distraught,very worried or nervous., Distraught relatives are waiting for news of the missing children.,
43.Distributed / agitated,X Faze,"unsettle, disturb or upset.", You'll never succeed as a writer if you let a little bit of criticism faze you.,
43.Distributed / agitated,X Fluster,disturb or confuse someone., Some speakers fluster the audience more easily than others.,
43.Distributed / agitated,X Foment,stir up a violent or undesirable act., He was accused of fomenting violence.,
43.Distributed / agitated,X Frenetic,wildly excited., The celebration was noisy and frenetic.,
43.Distributed / agitated,X Hysterical,wildly excited., Quite a few people got hysterical by the sensational news story.,
43.Distributed / agitated,X Implacable,cannot be calmed down., He has an implacable hatred for his political opponents.,
43.Distributed / agitated,X Overwrought,very worried and upset., The witness became overwrought as she described the crime.,
43.Distributed / agitated,X Perturb,disturb or make someone upset., It perturbed him that his son was thinking about leaving school.,
44.Dominating,Absolute,having unlimited power or control., The country is ruled by an Absolute dictator.,
44.Dominating,Authoritative,exercising authority., She said this with an Authoritative air.,
44.Dominating,Autocrat,a dictatorial person., European Autocrats once commonly believed that they had received the right to rule directly from God.,
44.Dominating,Despot,"a cruel person, especially a ruler.", The cruel dictator killed thousands of people on the spot.,
44.Dominating,Dogmatic,forcefully or arrogantly laying one's opinions on others., She's become so Dogmatic lately that arguing with her is pointless.,
44.Dominating,Hegemony,dominance of one group over another., They discussed the national government's Hegemony over their tribal community.,
44.Dominating,Imperious,domineering or dominating., She is an Imperious movie star who thinks she's some sort of goddess.,
44.Dominating,Martinet,a very strict person who demands that other people obey orders completely., The prison's warden was a cruel Martinet.,
44.Dominating,Totalitarian,a dictatorial person or government., We were asked to oppose Totalitarian ruler and embrace Democracy.,
44.Dominating,Tyrant,"a dictatorial person, especially a ruler.", The country was ruled by a succession of Tyrants.,
45.Equality,Absolute,having unlimited power or control., The country is ruled by an Absolute dictator.,
45.Equality,Authoritative,exercising authority., She said this with an Authoritative air.,
45.Equality,Autocrat,a dictatorial person., European Autocrats once commonly believed that they had received the right to rule directly from God.,
45.Equality,Despot,"a cruel person, especially a ruler.", The cruel dictator killed thousands of people on the spot.,
45.Equality,Dogmatic,forcefully or arrogantly laying one's opinions on others., She's become so Dogmatic lately that arguing with her is pointless.,
45.Equality,Hegemony,dominance of one group over another., They discussed the national government's Hegemony over their tribal community.,
45.Equality,Imperious,domineering or dominating., She is an Imperious movie star who thinks she's some sort of goddess.,
45.Equality,Martinet,a very strict person who demands that other people obey orders completely., The prison's warden was a cruel Martinet.,
45.Equality,Totalitarian,a dictatorial person or government., We were asked to oppose Totalitarian ruler and embrace Democracy.,
45.Equality,Tyrant,"a dictatorial person, especially a ruler.", The country was ruled by a succession of Tyrants.,
46.Excessive Flattery,Adulation,"praise, esp when greater than is necessary.", The band enjoys the Adulation of their fans wherever it goes.,
46.Excessive Flattery,Blandishment,something that tends to flatter or entice., He refused to be moved by either threats or Blandishments.,
46.Excessive Flattery,Fawn,excessively willing to obey., The sports star was surrounded by Fawning fans.,
46.Excessive Flattery,Fulsome,too generous in praising or thanking somebody., He was Fulsome in his praise of the Prime Minister.,
46.Excessive Flattery,Obsequious,exessively willing to obey., She's constantly followed by Obsequious assistants who will do anything she tells them to.,
46.Excessive Flattery,Sycophant,a flaterrer.," When her career was riding high, the actress often mistook Sycophants for true friends.",
46.Excessive Flattery,Toady ,a flatterer., She's a real Toady to the boss.,
46.Excessive Flattery,Unctuous,exessively willing to obey., An Unctuous appraisal of the talent shown by the boss's daughter.,
47.Including Everything,COMPREHENSIVE,covering everything., A COMPREHENSIVE overview of European history since the French Revolution.,
47.Including Everything,Encompass,including or covering a wide range., The district Encompasses most of the downtown area.,
47.Including Everything,Pervasive,present everywhere or widespread., Television has a Pervasive influence on our culture.,
48.Indifferent,Apathy,uninterested or indifferent in something., People have shown surprising Apathy toward these important social problems.,
48.Indifferent,Stoic,enduring pain and difficulty without complaining., We are surprised at his Stoic acceptance of death.,
49.Insulting Word,Deprecatory,to feel and express disapproval of something or someone., He made a Deprecatory comment.,
49.Insulting Word,Derogatory,insulting or disapproving., Fans made a lot of Derogatory remarks about the players of the visiting team.,
49.Insulting Word,Pejorative,expressing disrespect or disapproval., The word PEDANT is a Pejorative term.,
50.Make Isolation,ALIENATE,to make unfriendly., He ALIENATEd most of his colleagues with his bad temper.,
50.Make Isolation,ANTAGONIZE,to make unfriendly or hostile., Her comments ANTAGONIZEd many people.,
50.Make Isolation,Estrange,isolate or make unfriendly., She Estranged several of her coworkers when she let her promotion go to her head.,
51.Narrow minded / regional,Insular,narrow minded., The British are often accused of being Insular.,
51.Narrow minded / regional,Myopic,narrow minded., Myopic politics always falls short in explanation.,
51.Narrow minded / regional,Parochial,narrow minded., They need to be better informed and less Parochial in their thinking.,
51.Narrow minded / regional,Provincial,narrow minded.," In spite of his education and travels, he has remained very Provincial.",
52.Not serious,Flippant,not serious., He gave a Flippant response to a serious question.,
52.Not serious,Frivolous,not serious., She thinks window shopping is a Frivolous activity.,
52.Not serious,Insouciant,"free from concern, worry, or anxiety."," Although she was late, she walked into the office in an Insouciant manner.",
52.Not serious,Levity,treat something serious in a humorous or non serious way., The teachers disapprove of any display of Levity during school assemblies.,
52.Not serious,X Grave,serious., Crime in the city is a matter of grave concern 53.Overly Obedient,
52.Not serious,Grovel,act in an excessively obedient way., He had to Grovel to get her to accept his apology.,
52.Not serious,Servile,eagerly wanting to please or obey., He had always maintained a Servile attitude around people with money.,
52.Not serious,Slavish,act like a slave., He has been criticized for his Slavish devotion to the rules.,
52.Not serious,Subservient,eagerly wanting to obey or please., Some people feel that Subservient conduct will help them get promotions.,
52.Not serious,Supplicant,a person who asks for something in a humble manner., The new governor soon had to deal with Supplicants asking for jobs and other political favors.,
54.Pampering,Coddle,"treat very nicely, carefully and overprotectively.", The judges were accused of coddling criminals.,
54.Pampering,Humor,please someone by agreeing to their wishes., She Humored her grandfather by listening to his war stories for the hundredth time.,
54.Pampering,Indulge,agree to the wishes or desires of someone., Parents sometimes have to Indulge their children.,
54.Pampering,Mollycoddle,"treat very nicely, carefully and overprotectively.", The coach has been mollycoddling the team's star players.,
54.Pampering,Pamper,treat with excessive indulgence., They really Pamper their guests at that hotel.,
55.Suppress / End,Quash,suppress or end something., The rumours were quickly Quashed.,
55.Suppress / End,Quell,suppress or end something., Extra police were called in to Quell the disturbances.,
55.Suppress / End,Repress,to suppress., They tried to Repress their anger but could not do so.,
55.Suppress / End,Scotch,end something., Rumours that he had fled the country were promptly Scotched by his wife.,
55.Suppress / End,Subdue,"to suppress ( feelings, etc ).", Julia had to Subdue an urge to touch her hair constantly.,
55.Suppress / End,Suppress,restrict or end something., The governor tried to Suppress the news.,
56.Surprise/ confuse,Astound,surprise or shock., The magician will Astound you with his latest tricks.,
56.Surprise/ confuse,Baffle,to confuse., I was Baffled by many of the scientific terms used in the article.,
56.Surprise/ confuse,Bamboozle,to confuse someone especially by tricking them, They were Bamboozled by the property dealers into buying worthless land.,
56.Surprise/ confuse,Befuddle,to confuse., Most of the applicants were Befuddled by the wording of one of the questions on the driving test.,
56.Surprise/ confuse,Bemuse,to confuse., The stage mishap momentarily Bemused the actress.,
56.Surprise/ confuse,Bewilder,to confuse., The change in policy seems to have Bewildered many of our customers.,
56.Surprise/ confuse,Boggle,surprise greatly., It should Boggle the mind of every member of this committee that individuals are treated this way.,
56.Surprise/ confuse,Confound,to confuse and surprise greatly., The complicated directions Confounded him.,
56.Surprise/ confuse,Flabbergasted,extremely surprised and shocked., It flabbergasts me to see how many people still support them.,
56.Surprise/ confuse,Fox,to confuse., I must admit I'm completely Foxed.,
56.Surprise/ confuse,Non plussed,to confuse completely., I was nonplussed by his openly expressed admiration of me.,
56.Surprise/ confuse,Obfuscate,to confuse., Their explanations only serve to Obfuscate the whole method.,
56.Surprise/ confuse,Perplex,to confuse., Questions about the meaning of life have always Perplexed humankind.,
56.Surprise/ confuse,Stupefy,to surprise or shock someone greatly., He was stupefied by the amount they had spent.,
57.Calm down,Allay,"remove fear,suspicion or worry.", The new advertising campaign is an attempt to Allay the public's concerns about their safety.,
57.Calm down,Alleviate,"reduce pain,problem or worry.",Finding ways to Allviate stress is of primary importance these days.,
57.Calm down,Ameliorate,to make something better.,This medicine should help Amelioirate the pain.,
57.Calm down,Appease,make someone happy by agreeing to their demands., they Appeased the dictator by accepting demands in an effort to avoid war.,
57.Calm down,Assuage,make an unpleasant feeling less intense., An attempt to Assuage child's fear of the dark.,
57.Calm down,Conciliate,to make somebody less angry or hostile., The company's attempts to Conciliate the workers have failed.,
57.Calm down,Extenuating,making a crime appear less serious., There were Extenuating circumstances and the defendant did not receive a prison sentence.,
57.Calm down,Mitigate,make something less serious or painful., Emergency funds are being provided to help Mitigate the effects of the disaster.,
57.Calm down,Mollify,reduce someone's anger or worry., He tried to Mollify his critics with an apology.,
57.Calm down,Pacify,reduce someone's anger or worry., She resigned from her position to Pacify her accusers.,
57.Calm down,Placate,make someone less angry., The angry customer was not Placated by the clerk's apology.,
57.Calm down,Propitiate,calm someone down or make someone happy., He made an offering to Propitiate the angry gods.,
57.Calm down,Solace,help and comfort in times of distress., Any Solace from a price reduction might only be short-term.,
57.Calm down,Temper,to moderate or mitigate.,The judge Tempered his justice with mercy.,
57.Calm down,X Exacerbate,to make something worse., The proposed factory shutdown would only exacerbate our unemployment problems.,
58.Crucial / Significant / Important,CARDINAL,important., My CARDINAL rule is to always be honest.,
58.Crucial / Significant / Important,CORE,central or important part., Concern for the environment is at the CORE of our policies.,
58.Crucial / Significant / Important,FOREMOST,first in place or rank., The governor was FOREMOST among those who condemned the violence.,
58.Crucial / Significant / Important,IMPERATIE,important., It is absolutely IMPERATIE that we finish by next week.,
58.Crucial / Significant / Important,INDISPENSIBLE,absolutely important.,An indispensable member of the staff.,
58.Crucial / Significant / Important,MANDATORY,absolutely necessary,This offense carries a MANDATORY life sentence.,
58.Crucial / Significant / Important,MOMENTOUS,very important.,My college graduation was a MOMENTOUS day in my life.,
58.Crucial / Significant / Important,PARAMOUNT,very important,maintaining the secrecy of the agreement is PARAMOUNT.,
58.Crucial / Significant / Important,PIVOTAL,very important.,She is at a PIVOTAL point in her career.,
58.Crucial / Significant / Important,SALIENT,most important., She pointed out the SALIENT features of the new design.,
59.Difficult to understand,Abstract,difficult to understand.,Most students find this text Abstract.,
59.Difficult to understand,Abstruse,difficult to understand.,You're not the only one who finds Einsteins theory Abstruse.,
59.Difficult to understand,arcane,difficult to understand.,Grammatical rules seem arcane to students who were never taught grammar.,
59.Difficult to understand,Esoteric,meant for or understood only by few people.,Metaphysics is such an Esoteric subect.,
59.Difficult to understand,Mystical,difficult to understand.,Most scholars are puzzled by these Mystical theories.,
59.Difficult to understand,Obscure,unclear or difficult to understand., We went to see one of Shakespeares more Obscure plays.,
59.Difficult to understand,Occult ,mysterious., It is an Occult phenomenon.,
59.Difficult to understand,Profound,requiring or showing deep thought or understanding., It is difficult to understand these Profound questions about life and death.,
59.Difficult to understand,Recondite ,little known., This is a a Recondite subject.,
59.Difficult to understand,X Perspicuous,easy to understand., The language they have used for this purpose is simple and perspicuous .,
60.Express sympathy,Commiserate,show sympathy., The players Commiserated over their loss in the championship game.,
60.Express sympathy,Condolence,sympathy towards someone who has suffered a loss., The governor issued a statement of Condolence to the victims' families.,
60.Express sympathy,Empathy,ability to understand another persons feelings., He felt great Empathy with the poor.,
61.Happy /joy,Beam,to smile radiantly., She was Beaming with pleasure.,
61.Happy /joy,Beatific,very happy., He has got a Beatific expression on his face.,
61.Happy /joy,Blithe,cheerful., Everyone loved her for her Blithe spirit.,
61.Happy /joy,Ecstasy,extreme happiness., His performance sent the audience into Ecstasy.,
61.Happy /joy,Elated,very happy., The discovery has Elated researchers.,
61.Happy /joy,Euphoria,extreme happiness., The initial Euphoria following their victory in the election has now subsided.,
61.Happy /joy,Exhilaration,extreme happiness or excitement., The atmosphere in the camp was one of excitement and Exhilaration.,
61.Happy /joy,Exultant,very happy ., Researchers are Exultant about the new discovery.,
61.Happy /joy,Facetious,amusing or humorous ., A Facetious remark.,
61.Happy /joy,Felicity,great happiness., He told his friends that marriage had brought him a Felicity that he had never known before.,
61.Happy /joy,Gaiety,cheerfulness ., The colorful flags added to the Gaiety of the occasion.,
61.Happy /joy,Jest,joke., You should know that our teasing was done entirely in Jest.,
61.Happy /joy,Jocular,humorous.," He is a Jocular man, who could make the most serious people smile.",
61.Happy /joy,Jocund,happy and cheerful., Old friends engaged in Jocund teasing.,
61.Happy /joy,Jollity,happiness., I love all the warmhearted Jollity of the holiday season. Jovial = cheerful and friendly.,
61.Happy /joy,"Example: He was in a Jovial mood., Jubilant=very happy.""", The fans were in a Jubilant mood after the victory.,,
61.Happy /joy,Rapturous,showing great happiness.," As the orchestra started playing, the audience became Rapturous.",
61.Happy /joy,Regale,entertain someone with a story.," During winters, he used to come home and Regale us with his adventures.",
61.Happy /joy,Sanguine,cheerfully optismistic., They are less Sanguine about the company's long- term prospects.,
61.Happy /joy,Uproarious,very funny., An Uproarious movie.,
61.Happy /joy,Waggish, humorous., He has a Waggish nature.,
62.Hardworking,Assiduous,hardworking., They were Assiduous in their search for all the latest facts and figures.,
62.Hardworking,Diligent,hardworking, A Diligent student. Industrious hardworking.,
62.Hardworking,"Example: An Industrious worker., Painstaking=done with great care and effort.""", The event had been planned with Painstaking attention to detail.,,
62.Hardworking,Sedulous,hardworking, He was Sedulous in completing the tasks given to him.,
62.Hardworking,Toil,to work very hard., Hundreds of men Toiled for years at building the pyramid.,
63.Irregular /At Intervals,Fitfully,happening irregularly., Several fitful attempts at negotiation have failed.,
63.Irregular /At Intervals,Intermittent,happening irregularly., The patient was having Intermittent pains in his chest.,
63.Irregular /At Intervals,Occassional,happening or done sometimes but not often.," He spent five years in Paris, with occasional visits to Italy.",
63.Irregular /At Intervals,Spasmodic,happening irregularly., He made only Spasmodic attempts to lose weight.,
63.Irregular /At Intervals,Sporadic,happening irregularly., Fighting continued Sporadically for two months.,
64.Lacking energy / lazy,Indolent,lazy., The Indolent boy was forced to help out with the chores.,
64.Lacking energy / lazy,Lackadaisical,lacking energy or enthusiasm, His teachers did not approve of his Lackadaisical approach to homework.,
64.Lacking energy / lazy,Lackluster,lacking energy or enthusiasm., This was a a Lackluster performance.,
64.Lacking energy / lazy,Languid,slow or lazy., They proceeded at a Languid pace.,
64.Lacking energy / lazy,Lassitude,lacking energy or enthusiasm., Symptoms of the disease include paleness and Lassitude.,
64.Lacking energy / lazy,Lethargic,lazy or lacking energy., A big meal always makes me Lethargic and sleepy.,
64.Lacking energy / lazy,Listless,lacking energy or enthusiasm., The heat made everyone tired and Listless.,
64.Lacking energy / lazy,Sloth,laziness., The youth is inclined more toward Sloth than athletics.,
64.Lacking energy / lazy,Sluggish,moving slowly., The game picked up after a Sluggish start.,
64.Lacking energy / lazy,Torpor/Torpid,"slow, inactive or lacking energy."," Animals were found to be quite torpid, but capable of swimming.",
65.Never ending / non stop,Chronic,long lasting and recurring., Inflation has become a Chronic condition in the economy.,
65.Never ending / non stop,Incessant,never ending., The Incessant noise from outside was a real distraction during the test.,
65.Never ending / non stop,Ineorable,can not be stopped., There has been an Ineorable rise of crime in Delhi.,
65.Never ending / non stop,Interminable,never ending, An Interminable desert.,
65.Never ending / non stop,Perennial,never ending., Flooding is a Perennial problem for people living by the river.,
65.Never ending / non stop,Relentless,"never ending, constant.", Her Relentless optimism held the team together.,
66.Ordinary,Banal,boring or unexciting.," The acting was Banal, but the story was good.",
66.Ordinary,Bromide,an unoriginal idea., His speech had nothing more to offer than the usual Bromides about how everyone needs to work together.,
66.Ordinary,Clich,an overused and therefore uninteresting word or phrase., This is an old Clich that a trouble shared is a trouble halved.,
66.Ordinary,Derivative,derived from something unoriginal.," The concept ambitious, but Derivative so it disappeared without a trace.",
66.Ordinary,Hackneyed,overused and therefore uninteresting., The concept of an evil corporation is pretty Hackneyed at this point.,
66.Ordinary,Humdrum,boring or unexciting.," She liked the movie, but I thought it was Humdrum.",
66.Ordinary,Mundane,boring or unexciting., The executive was sick and tired of hearing Mundane answers.,
66.Ordinary,Pedestrian,boring or unexciting., He lived a Pedestrian life.,
66.Ordinary,Platitude,an overused and therefore uninteresting word or phrase., His speech was filled with familiar Platitudes about the value of hard work and dedication.,
66.Ordinary,Plebeian,"very common, ordinary or unrefined.", He wondered what the people at the club would think of his Plebeian origins.,
66.Ordinary,uotidian,occurring everyday and therefore ordinary., They used to have uotidian quarrels that every couple usually has.,
66.Ordinary,Trite,overused and therefore uninteresting., Trite phrases in his letter did not amuse his girlfriend.,
67.Sad/depressed,Anguish,mental and physical pain or suffering, They watched in Anguish as fire spread through the house.,
67.Sad/depressed,Bereaved,sad because of having lost a relative or close one because of death., The grief of his Bereaved parents seemed infinite.,
67.Sad/depressed,Bereft,deprived of something or someone., He was completely Bereft when his wife died.,
67.Sad/depressed,Bleak,depressing or without hope.," His condition had stabilized somewhat, and his future no longer looked completely Bleak.",
67.Sad/depressed,Crestfallen,sad and disappointed., She was Crestfallen when she found out she hadn't got the job.,
67.Sad/depressed,Dejected,sad and depressed., She looked so Dejected when she lost the game.,
67.Sad/depressed,Desolate,sad and lonely," This is a Desolate house, abandoned many years ago.",
67.Sad/depressed,Despondent,sad and depressed., I had never seen them looking so Despondent.,
67.Sad/depressed,Forlorn,sad and lonely sad and lonely.," She looked so Forlorn, standing there in the rain.",
67.Sad/depressed,Lachrymose,sad and tearful., The Lachrymose mourners at the funeral required a steady supply of tissues.,
67.Sad/depressed,Lament,express sadness for something., She Lamented over the loss of her best friend.,
67.Sad/depressed,Lugubrious,sad and disappointed, The dim lighting in the disappointed lighting in the restaurant makes eating there a particularly Lugubrious experience.,
67.Sad/depressed,Melancholy,sadness or depression., There is a deep Melancholy in his black and white photography.,
67.Sad/depressed,Plaintive,sad and mournful., We could hear the Plaintive cries of wounded people.,
67.Sad/depressed,Woe,great sorrow., The earthquake and tsunami brought Woe and suffering.,
68.Short lived,Ephemeral,lasting for a short time., Capturing those Ephemeral images has been a challenge to generations of artists.,
68.Short lived,Evanescent,lasting for a short time., An Evanescent bubble.,
68.Short lived,Fleeting,lasting for a short time.," I had a Fleeting desire to jump into the cool lake, but I kept on hiking.",
68.Short lived,Transient,temporary., These are short term Transient benefits at the expense of long term growth.,
68.Short lived,Transitory,temporary., A Transitory panic struck me when I realized that we had left the baby in the car.,
69.Sulking / bad tempered,Dudgeon,a feeling of offense or deep resentment, the manager walked out in deep dudgeon Dour=bad tempered or gloomy,
69.Sulking / bad tempered,"Example: The city, drab and Dour by day, is transformed at night., Morose=bad tempered"," bilious""", She was increasingly reclusive and Morose.,
69.Sulking / bad tempered,Peevish,irritable., I would rather figure things out on my own than ask that Peevish librarian for help.,
69.Sulking / bad tempered,Petulant,childishly silly or bad tempered. Pettish," He is a Petulant man, who is always blaming everyone else for his problems.",
69.Sulking / bad tempered,Irascible,having a tendency to be easily angered, an irascible and difficult man Umbrage=Offence or annoyance,
69.Sulking / bad tempered,"Example: she took umbrage at his remarks, Pout=be irritable or bad tempered."""," He has been accused of selfishness, but he does not Pout now.",,
69.Sulking / bad tempered,Saturnine,"serious, threatening or gloomy.", The men awaiting interrogation by the police shared a Saturnine silence.,
69.Sulking / bad tempered,Sullen,bad tempered., Bob looked pale and Sullen.,
70.To make unnecessary,Gratuitous,done without any good reason ; uncalled for., The film was criticized for its Gratuitous violence.,
70.To make unnecessary,OBVIATE,make (an action) unnecessary., The new medical treatment OBVIATEs the need for surgery.,
70.To make unnecessary,X NECESSITATE,to make necessary., New safety regulations necessitated adding a railing to the stairs.,
70.To make unnecessary,X Warrant,to make necessary or justify., The deepening gloom about the economy may well warrant such an aggressive response.,
71.Unimportant,EXPENDABLE,not necessary ; can be done without., Travel is sometimes considered an EXPENDABLE luxury when finances get tight.,
71.Unimportant,FRINGE,not main part of something., FRINGE players do not get as much attention as main players do.,
71.Unimportant,INCIDENTAL,of minor importance or consequence., You may incur some INCIDENTAL expenses on the trip.,
71.Unimportant,INCONSEQUENTIAL,not important., That is an INCONSEQUENTIAL problem compared to the other issues.,
71.Unimportant,NUGATORY,having no value., Rise in consumer spending this year is likely to be NUGATORY .,
71.Unimportant,PERIPHERAL,not main or important.," If we focus too much on PERIPHERAL issues, we will lose sight of the goal.",
71.Unimportant,PICAYUNE,of little importance., A PICAYUNE amount.,
72.Excess excessive patriotis,Chauvinism,extreme patriotism., Soldiers made chauvinistic comments about the war.,
72.Excess excessive patriotis,Fanatic,someone who shows extreme enthusiasm for something especially religion or politics., Fanatics are calling out for a war with Paistan.,
72.Excess excessive patriotis,Jingoism,extreme patriotism., Unnecessary bellicosity and Jingoism is detrimental to peace and prosperity between the 2 countries.,
72.Excess excessive patriotis,Zealot,a fanatic., The military general behaved lile a zealot when it came to discussing dispute between the 2 countries.,
73.Dry extremely wet,Arid,completely dry., Nothing grows in these Arid regions.,
73.Dry extremely wet,Desiccated,completely dried., These lands are Desiccated by the dry winds and direct sunlight.,
73.Dry extremely wet,Parch,mae or become dry., A drought is Parching much of the land in this country.,
73.Dry extremely wet,Sear,make or become dry., Inadeuate precipitation has Seared the whole region.,
73.Dry extremely wet,X Deluge,a flood of water., Spring rains can trigger a deluge of water.,
73.Dry extremely wet,X Drench,become wet., We were caught in the rain and got drenched.,
73.Dry extremely wet,X Inundate,to flood with water., By the middle of this month seasonal monsoons are expected to further inundate the region.,
73.Dry extremely wet,X Seep,to leak slowly., Water was beginning to seep through the cracks.,
73.Dry extremely wet,X Sodden,soaked in water or any liquid., Because it was raining heavily we arrived home completely sodden.,
73.Dry extremely wet,X Steeped,to soap in water or any liuqid, Steep the fruit in brandy overnight.,
74.Increase,Accretion,a gradual increase,Learning the Accretion of new data in memory depends on short-term memory.,
74.Increase,Aggrandize,"increase in rank,value,status, etc.,",Her sole aim is to Aggrandize herself.,
74.Increase,Augment,increase.,The recent speech of the president Augmented tensions in the Middle East ilate become eyes ilated it ear,
74.Increase,Enhance,increase.,This is an opportunity to Enhance the reputation of the company Proliferate=grow or increase rapidly.,
74.Increase,"Example:Books and articles on this subect have Proliferated over the last year., Wax=grow or increase.""",The suns energy output varies sligtly as sunspots Wax on the star's surface.,,
75.Lessen in intensity,Abate,become less intense.,They waited for the crowd's anger to Abate.,
75.Lessen in intensity,Ebb,become less intense.,We will talk to him when his anger Ebbs.,
75.Lessen in intensity,Recede,move back or become faint or distant.,The sound of te truck Receded into the distance.,
75.Lessen in intensity,Subside,become less intense.,She waited nervously for his anger to Subside.,
76.Lucky / Unlucky,Fortuitous,favorable or happening at a good time., His success depended on a Fortuitous combination of circumstances.,
76.Lucky / Unlucky,Opportune,favorable or happening at a good time., The offer could not have come at a more Opportune moment.,
76.Lucky / Unlucky,Propitious,favorable or happening at a good time., It was not a Propitious time to start a new business.,
76.Lucky / Unlucky,Serendipity,fortunate occurence of events by chance.," Meeting her like that, and there of all places, was truly a Serendipity! X Despair=complete lack of hope.",
76.Lucky / Unlucky,"Example: A deep sense of despair overwhelmed him., X Hapless=unlucky.""", Neither of the hapless officers obtained any evidence of the crime.,,
76.Lucky / Unlucky,X Wretched,unlucky or pitiable., The wretched man did not have a single friend.,
77.Pain /suffering,Adversity,difficulty or misfortune.,He overcame many personal adversities.,
77.Pain /suffering,Afflictions,pain or suffering.,They sympathized with us in our affliction.,
77.Pain /suffering,Mishap,an unfortunate accident., managed to get home without any Mishap.,
77.Pain /suffering,Ordeals,difficult or painful experience.,His final ordeal might have inspired great self-pity though he displayed no hint of it.,
77.Pain /suffering,Trials,a difficult experience trouble or grief.,This film is as much about celebration as it is about Trials.,
77.Pain /suffering,Tribulation,trouble pain or suffering.,Life is full of Tribulations.,
78.Reduce,Constrict,restrict., Film- makers of that time were Constricted by the censors.,
78.Reduce,Contract,become shrunk., The universe is expanding rather than Contracting.,
78.Reduce,Curtail,reduce., The cricket match was Curtailed to 20 overs a side.,
78.Reduce,Dwindle,reduce., Support for the party has Dwindled.,
78.Reduce,Flag,"lose energy, interest, etc.,", It had been a long day and the children were beginning to Flag.,
78.Reduce,Wane,reduce., Her enthusiasm for the whole idea was waning rapidly.,
79.Combine,Amalgamate,to combine., The company has now Amalgamated with another local firm.,
79.Combine,Coalition,a combination of 2 or more things., The two party leaders have to cooperate in a Coalition government.,
79.Combine,Conflate,to join., The issues of race and class are separate and should not be Conflated.,
79.Combine,Meld,mix together or join., We've choosen our favorite houses that Meld style with globally conscious living.,
79.Combine,Synthesis,a combination or mixture of 2 or more things, Our culture has a Synthesis of traditional and modern values.,
80.Relevant,Apposite,relevant.,Her remarks are extremely Apposite to the present discussion.,
80.Relevant,Apropos,appropriate,Lets discuss this on an Apropos moment.,
80.Relevant,Germane,relevant.,These remarks are Germane to the discussion.,
80.Relevant,Pertinent,relevant.,Please keep your comments Pertinent to the topic under discussion.,
81.Remembering the past,Hindsight,look back at a situation after it has happened., What looks obvious in Hindsight was not at all obvious at the time.,
81.Remembering the past,Nostalgia,sentimental desire or thought for the happy past time., She is filled with Nostalgia for her own college days.,
81.Remembering the past,Reminiscence,remembering past time., The book is a collection of his Reminiscence about the actress.,
81.Remembering the past,Retrospect,look back at a situation after it has happened.," In Retrospect, the decision seems etremely odd.",
81.Remembering the past,Wistfully,showing a vague or regretful desire for past time.," If only I had known you then, he said Wistfully.",
82.Shortage / lack of,Dearth,lack of., There was a Dearth of reliable information on the subject.,
82.Shortage / lack of,Deficit,shortage., We don't know whether a serotonin Deficit causes depression or is itself a byproduct of other influences.,
82.Shortage / lack of,Deprived,prevented from having something.," Deprived of regular income, many homeowners are falling behind with their mortgage payments.",
82.Shortage / lack of,Devoid,lacking in., The letter was Devoid of warmth and feeling.,
82.Shortage / lack of,Paucity,lack of., There was a a Paucity of information.,
82.Shortage / lack of,Vacuous,empty or lacking in intelligence.," Although the suggestions are overly simple, they are not Vacuous.",
83.Spend lavishly,Dissipate,spend excessively or wastefully.," If you win the lottery, you might suddenly find yourself with a group of friends encouraging you to Dissipate your money.",
83.Spend lavishly,Prodigal,"spending or wasting ( money, resources ) excessively.", Marriage of his son involved Prodigal expenditure.,
83.Spend lavishly,Profligate,"spending or wasting ( money, resources )excessively.", A Profligate nation may have good reason to run up debts.,
83.Spend lavishly,Spendthrift,a person who spends excessively., Most wealthy boys are naturally inclined to be Spendthrifts.,
83.Spend lavishly,Squander,spend excessively or wastefully., He Squandered all his money on gambling.,
84.Sure /certain,Absolute,"complete, with no limitations."," You're wrong, she said with Absolute certainty.",
84.Sure /certain,Categorical,"clear, direct or unconditional.", He is known for making Categorical statements.,
84.Sure /certain,Certitude,sure or certain.," 'You will like Rome,' he said with Certitude.",
84.Sure /certain,Conviction,a firm belief," He said he agreed, but his voice lacked Conviction.",
84.Sure /certain,Emphatic,"clear, forceful or strongly expressive.", He was Emphatic that he could not work with her.,
84.Sure /certain,Incontrovertible,can not be denied or contradicted.," There is enormous, Incontrovertible evidence.",
84.Sure /certain,Unqualified,not limited or restricted., The newspaper lavished Unqualified praise on the actor.,
84.Sure /certain,X Contingent,dependent on, A good score is contingent on the amount of hard work you put in.,
84.Sure /certain,X Provisional,temporary or conditional., Some skeptics contend that science can never end because all knowledge is provisional and subject to change.,
84.Sure /certain,X Qualify,add conditions or limitations to.," I want to qualify what I said earlierI didn't mean he couldn't do the job, only that he would need supervision.",
84.Sure /certain,X Tentative,not sure or certain., A tentative smile on his face.,
85.Swell,Distend,swell., Starving children develop huge Distended stomachs.,
85.Swell,Tumid ,swollen., A Tumid belly.,
85.Swell,Turgid,swollen.," After the accident, his head became Turgid.",
86.Fertile,Arable,fertile., Bees do not occupy and use up Arable land.,
86.Fertile,Fecund,fertile.," If water can be located in other areas, arid land can readily be made Fecund.",
86.Fertile,Verdant,covered with plants or green grass., Rain has made the whole village Verdant.,
86.Fertile,X Barren,infertile.," The land was barren, and food and water were not plentiful.",
87.Uncertain in meaning,Ambiguous,unclear ; open to more than one meaning., Her story was deliberately Ambiguous.,
87.Uncertain in meaning,Ambivalent,having mixed feelings or opinions., She seems to feel Ambivalent about her new job.,
87.Uncertain in meaning,Equivocal,unclear ; open to more than one meaning., She gave an Equivocal answer.,
88.Unwilling to spend,Closefisted,unwilling to spend money., Whenever it comes to paying his rent he becomes Closefisted.,
88.Unwilling to spend,Frugal,using money or resources carefully., He has always been hard- working and Frugal.,
88.Unwilling to spend,Miserly,unwilling to spend money., He is a Miserly man.,
88.Unwilling to spend,Niggardly,unwilling to spend money.," As he is a Niggardly man, he always makes his friends spend.",
88.Unwilling to spend,Parsimonious,unwilling to spend money or resources., He was Parsimonious so hated to give more than was absolutely necessary.,
88.Unwilling to spend,Skinflint,someone who is unwilling to spend money., The old Skinflint never paid me for my work.,
88.Unwilling to spend,Stingy,reluctant to give or spend., Don't be so Stingy with your marketing budget.,
88.Unwilling to spend,Stint,provide very less or be very frugal., She never Stints on the food at her parties.,
88.Unwilling to spend,Thrift,spending carefully and wisely., The artificial reduction of interest rates discourages normal Thrift and saving.,
88.Unwilling to spend,Tightfisted,unwilling to spend money., My father becomes Tightfisted whenever I demand too much pocket money.,
89.Very high price,Exorbitant,very high price.," It is a good hotel, but the prices are Exorbitant.",
89.Very high price,Gouging,very high price., Housing shortages permit landlords to charge Gouging rents.,
89.Very high price,Prohibitive,very high price., The price of property in the city is Prohibitive.,
90.Very less,Marginal,very less., The story will only be of Marginal interest to our readers.,
90.Very less,Meager,very less or inadequate., She supplements her meagre income by cleaning at night.,
90.Very less,Negligible,small or insignificant., The cost was Negligible.,
90.Very less,Paltry,very less., His account offers a Paltry 1% return on your investment.,
90.Very less,Scanty,very less., Details of his life are Scanty.,
90.Very less,Skimpy,very less., They provided only Skimpy details.,
90.Very less,Spare,Frugally restricted or meager.," Since he was obese, the doctor recommended him a Spare diet.",
90.Very less,Sparse,"very less or restricted Mnemonic: Sparse sounds like Parsi(one group of people),who are not many in INDIA but"," Sparse sounds like Parsi(one group of people),who are not many in INDIA but
THINLY SCATTERED or SCANTILY present.
Example: Your students must be writing only short, Sparse, simple equations.
91.wealthy
Affluent=very wealthy.
Example: I live in a very Affluent neighborhood.
Opulent=very wealthy.
Example: The former ruler left behind signs of an Opulent life.
92.Breaking a rule
Breach=break a rule, law, etc.,
Example: There is a Breach of contract and copyright infringement.
Flout=break a rule, law, et Example: Your students must be writing only short, Sparse, simple equations.",
91.wealthy,Affluent,very wealthy., I live in a very Affluent neighborhood.,
91.wealthy,Opulent,very wealthy., The former ruler left behind signs of an Opulent life.,
92.Breaking a rule,Breach,"break a rule, law, etc.,", There is a Breach of contract and copyright infringement.,
92.Breaking a rule,Flout,"break a rule, law, etc.,", Motorists regularly Flout the law.,
92.Breaking a rule,X Abide,"agree with a rule, law, etc.,", The act does not spell out any consequences for failing to abide the rule.,
92.Breaking a rule,X Adhere,"agree with a rule, law, etc.,", Some corporations don't have any particular moral standard to which they adhere.,
93.Cancel / take back,Annul,cancel., Their marriage was Annulled after just two months.,
93.Cancel / take back,Disavow,disown or repudiate., The coach Disavowed responsibility for the player's behavior.,
93.Cancel / take back,Gainsay,deny or contardict., Nobody can Gainsay his claims.,
93.Cancel / take back,Null,invalidate or nullify., The contract was Nulled after a lot of thought.,
93.Cancel / take back,Recant,"withdraw ( a statement, opinion, etc ).", He had to publicly Recant his critical remarks about her.,
93.Cancel / take back,Renege,go back on your promise.," They had promised to pay her tuition, but they later Reneged.",
93.Cancel / take back,Repeal,"cancel a rule, law, etc.,", The committee does not have the power to Repeal the ban.,
93.Cancel / take back,Repudiate,"reject, refuse or deny.", Our leaders should Repudiate this sort of fatalism.,
93.Cancel / take back,Rescind,"cancel a rule, law, etc.,", The company later Rescinded his membership.,
93.Cancel / take back,Retract,"withdraw ( a statement, opinion, etc )."," He made a false confession, which he later Retracted.",
93.Cancel / take back,Revoke,"cancel a rule, law, etc.,", The judge Revoked the driving license of the criminal.,
93.Cancel / take back,Void,invalidate or nullify.," Because they were not happy in their marriage, they had it Voided.",
93.Cancel / take back,"Decay / rot, Brackish=unpleasant or distasteful"""," Finally, a Brackish tide of pessimism has descended upon the country.",,
93.Cancel / take back,Carrion,decaying flesh, The victims attract crows feasting on human Carrion.,
93.Cancel / take back,Putrefaction,decay or rot, The smell was awful and Putrefaction had already set in.,
93.Cancel / take back,Rancid,having an unpleasant smell or taste, There was a Rancid smell coming from the kitchen.,
93.Cancel / take back,X Wholesome,good for health, Inspectors ensure that food is pure and wholesome.,
94.Energizing,Invogorating,energizing., The appeal of this environment is strong and invigorating.,
94.Energizing,Revitaliing,energiing.," For relaxation, guests can enjoy Revitaliing services at the onsite spa.",
94.Energizing,Rousing,eciting or energetic., The team was given a Rousing reception y the fans.,
94.Energizing,X Sedative,making calm.," Before the test starts, you will be given a mild sedative to help you relax.",
94.Energizing,X Soporific,causing sleep., The movie had a soporific effect on the audience.,
94.Energizing,"Extra/ unnecessary, Extraneous=extra and therefore not required.""", We do not want any Extraneous information on the page.,,
94.Energizing,Redundant,extra and therefore not required., The picture has too much Redundant detail.,
94.Energizing,Superfluous,extra or unnecessary., He may have felt any extra knowledge was Superfluous.,
95.Famous important person,Eminent,famous or important., Vijay Mallya is an Eminent peronality in the business world.,
95.Famous important person,Luminary,a famous person who inspires future generations., He has played with all the great jazz luminaries.,
95.Famous important person,Pre- Eminent,superior or better than all others., Dickens was preeminent among English writers of his day.,
95.Famous important person,Stature,fame or reputation., She is an actress of considerable Stature.,
96.Greed,Avarice,greed., The man was now blinded by his own Avarice.,
96.Greed,Covetous,greedy.," It's also vulnerable to theft, Covetous family members and demands for loans from relatives.",
96.Greed,Cupidity,greed.," His Cupidity was tempted, his every weakness exploited.",
96.Greed,Rapacious,greedy., Insurance companies are Rapacious and are not in the business of optimizing care.,
97.Main job / profession,Vocation,main job.," Although he could not have known it at the time, he had found his Vocation.",
97.Main job / profession,X Avocation,a hobby., Our doctor's avocation is painting.,
98.Overly noisy,Boisterous,noisy and energetic., It was a challenge to keep the Boisterous crowd in control.,
98.Overly noisy,Cacophony,a discordant mixture of sounds., She could not hear him because of the Cacophony in the stadium.,
98.Overly noisy,Clamor,loud and continued noise., The Clamor of traffic was deafening.,
98.Overly noisy,Clangor,"a loud, resonant sound.", The Clangor of music was heard again.,
98.Overly noisy,Din,a continued loud or tumultuous sound.," The Din was sometimes worse on the platforms, topping out at 102 decibels.",
98.Overly noisy,Discordant,"harsh, unpleasant sound.", He was not selected because people found his music Discordant.,
98.Overly noisy,Inaudible,can not be heard., She spoke in an almost Inaudible voice.,
98.Overly noisy,Obstreperous,noisy and difficult to control., It was no use trying to teach the Obstreperous boys.,
98.Overly noisy,Rambunctious,noisy and difficult to control., We were fed up of the Rambunctious tennagers who have recently shifted in our colony.,
98.Overly noisy,Raucous,"harsh, unpleasant sound.", The music grew more and more Raucous as the evening went on.,
98.Overly noisy,Strident,making or having a harsh sound., The Strident ringing of the phone annoys me.,
98.Overly noisy,Uproar,a state of violent and noisy disturbance., Her comments provoked a huge Uproar from the audience.,
98.Overly noisy,Vociferous,crying out noisily; clamorous., The beauty of the birds is in their spectacular flights and Vociferous calls heard throughout the spring.,
98.Overly noisy,X Euphony,pleasant sound., The child slept while hearing his mother's euphonious voice.,
98.Overly noisy,X Mellifluous,pleasant sound.," She has a a soft, mellifluous voice.",
98.Overly noisy,X Melodious,pleasant sound., A melodious song could be heard from across the lake.,
99.Planned / x spontaneously,Calculated,done it planning.,He took a Calculated risk to solve the problem.,
99.Planned / x spontaneously,Deliberate,done with planning.,"The two are not identical , and is continued equating the two is Deliberate on his part.",
99.Planned / x spontaneously,Forethought,careul planning or thought for future.,Some Forethought and preparation are necessary before you embark on the project.,
99.Planned / x spontaneously,Intentional,done with planning., I am sorry I forgot to put your name on the list-it wasn't Intentional.,
99.Planned / x spontaneously,Premeditated,done with planning.,The killing was not Premeditated.,
99.Planned / x spontaneously,Studied,done with planning.,She introduced herself with Studied casualness.,
99.Planned / x spontaneously,X Extemporaneous,done without preparation.,The speech was extemporaneous and is not included in his published papers.,
99.Planned / x spontaneously,X Impetuous,done without preparation.,"His choices are flashy impetuous and never uninteresting X Apace=swiftly,quickly",
99.Planned / x spontaneously,"Example:work done apace., X Impromptu=done without preparation.""",They often held impromptu meetings at their house.,,
99.Planned / x spontaneously,X Improvise,do without planning or preparation,It's the kind of game that asks players to improvise and act silly.,
99.Planned / x spontaneously,Offhand,done without planning or preparation.,His offhand comments about the day's situations will be greatly missed.,
